author,title,possible_dois
David Meltzer,Continuous glucose monitoring and intensive treatment of type 1 diabetes,"['10.1002/oca.2388', '10.1097/00005650-200006000-00009', '10.1111/nyas.12852']"
David Meltzer,Communication failures in patient sign-out and suggestions for improvement: a critical incident analysis,"['10.1111/j.1475-6773.2008.00849.x', '10.1136/bmjqs-2012-001109', '10.3322/caac.21204']"
David Meltzer,Delivering affordable cancer care in high-income countries,"['10.1016/j.juro.2012.01.093', '10.1016/s1470-2045(11)70141-3', '10.1111/bcp.12879']"
David Meltzer,Accounting for future costs in medical cost-effectiveness analysis,"['10.1177/0272989x9701700403', '10.3386/w5946', '10.1016/s0167-6296(96)00507-3']"
David Meltzer,"What does the value of modern medicine say about the $50,000 per quality-adjusted life-year decision rule?","['10.1097/mlr.0b013e31815c31a7', '10.1097/bsd.0b013e318269cc4a', '10.1111/j.1539-6924.2012.01826.x']"
David Meltzer,Effects of physician experience on costs and outcomes on an academic general medicine service: results of a trial of hospitalists,"['10.7326/0003-4819-137-11-200212030-00007', '10.1002/jhm.2439', '10.1002/jhm.2340']"
David Meltzer,Impact of interpreter services on delivery of health care to limited-English-proficient patients,"['10.1046/j.1525-1497.2001.016007468.x', '10.1111/j.1440-1584.2012.01256.x', '10.1111/pedi.12185']"
David Meltzer,"Recommendations for conduct, methodological practices, and reporting of cost-effectiveness analyses: second panel on cost-effectiveness in health and medicine","['10.1001/jama.2016.12195', '10.1177/0272989x9701700403', '10.1002/hec.2889']"
David Meltzer,Hospital readmission in general medicine patients: a prediction model,"['10.1007/s11606-009-1196-1', '10.1111/j.1525-1497.2004.45006.x', '10.1001/jama.2011.1515']"
David Meltzer,Patient-physician communication about out-of-pocket costs,"['10.1111/j.1525-1497.2004.30249.x', '10.1001/archinte.165.6.633', '10.1097/01.cot.0000289239.63227.11']"
David Meltzer,Patient perceptions of quality of life with diabetes-related complications and treatments,"['10.1111/j.1532-5415.2008.01757.x', '10.2337/dc07-0499', '10.1111/j.1467-9566.2007.01006.x']"
David Meltzer,What do we really know about whether health insurance affects health,"['10.1111/pops.12395', '10.1002/cad.20157', '10.1097/phh.0b013e3181bdffdf']"
David Meltzer,The effect of the Medicare Part D prescription benefit on drug utilization and expenditures,"['10.7326/0003-4819-148-3-200802050-00200', '10.1002/hec.2982', '10.1108/jes-08-2013-0109']"
David Meltzer,Use of a self-report-generated Charlson Comorbidity Index for predicting mortality,"['10.1097/01.mlr.0000163658.65008.ec', '10.1111/j.1532-5415.2006.00728.x', '10.1111/j.1532-5415.2005.53216.x']"
David Meltzer,The impact of health insurance on health,"['10.1146/annurev.publhealth.28.021406.144042', '10.1111/j.1475-6773.2005.00409.x', '10.1002/jso.23627']"
David Meltzer,"Coordinating care across diseases, settings, and clinicians: a key role for the generalist in practice","['10.7326/0003-4819-142-8-200504190-00038', '10.1111/j.1475-6773.2005.00423.x', '10.1300/j067v21n03_08']"
David Meltzer,The role of anxiety in prostate carcinoma: a structured review of the literature,"['10.1002/cncr.21198', '10.1111/j.1464-410x.2011.10596.x', '10.1097/00042728-200809000-00001']"
David Meltzer,Do important drugs reach the market sooner?,"['10.2307/2555769', '10.1002/awwa.1058', '10.12968/hmed.2017.78.10.598']"
David Meltzer,Some reflections on cost‐effectiveness analysis,"['10.1002/(sici)1099-1050(199802)7:1<1::aid-hec327>3.0.co;2-u', '10.1177/0272989x9701700403', '10.1002/hec.2889']"
David Meltzer,Estimate of the carbon footprint of the US health care sector,"['10.1001/jama.2009.1610', '10.1111/ppc.12077', '10.1007/bf02678110']"
Ariel Kalil,Barriers to the employment of welfare recipients,"['10.1023/a:1010413101010', '10.1016/j.childyouth.2006.12.004', '10.1111/1530-2415.00011']"
Ariel Kalil,"Early‐childhood poverty and adult attainment, behavior, and health","['10.1111/j.1467-8624.2009.01396.x', '10.1017/cbo9781139814805.006', '10.2105/ajph.2007.130575']"
Ariel Kalil,Good things come in threes: Single-parent multigenerational family structure and adolescent adjustment,"['10.2307/3088345', '10.1353/dem.2002.0016', '10.2307/1132134']"
Ariel Kalil,Mixing qualitative and quantitative research in developmental science: Uses and methodological choices.,"['10.1037/0012-1649.44.2.344', '10.1037/2326-3598.1.s.3', '10.1111/1530-2415.00011']"
Ariel Kalil,Diverging destinies: Maternal education and the developmental gradient in time with children,"['10.1007/s13524-012-0129-5', '10.1007/978-3-319-08308-7_5', '10.1111/j.1750-8606.2011.00204.x']"
Ariel Kalil,"Human capital, physical health, and mental health of welfare recipients: Co‐occurrence and correlates","['10.1111/0022-4537.00189', '10.1111/j.1467-8624.2012.01795.x', '10.1016/j.ssresearch.2009.08.002']"
Ariel Kalil,How welfare reform is affecting women's work,"['10.1146/annurev.soc.26.1.241', '10.1016/s0190-7409(02)00266-9', '10.1111/0022-4537.00195']"
Ariel Kalil,Perceptions of father involvement patterns in teenage‐mother families: Predictors and links to mothers’ psychological adjustment*,"['10.1111/j.0197-6664.2005.00016.x', '10.1177/074355802237463', '10.1111/j.1750-8606.2011.00204.x']"
Ariel Kalil,Family resilience and good child outcomes,"['10.1016/j.econedurev.2016.10.002', '10.2307/3088345', '10.4324/9781410610874']"
Ariel Kalil,Sanctions and material hardship under TANF,"['10.1086/342998', '10.4135/9781452233642.n39', '10.1111/0022-4537.00195']"
Ariel Kalil,The effects of parental undocumented status on the developmental contexts of young children in immigrant families,"['10.1111/j.1750-8606.2011.00204.x', '10.1016/j.ssresearch.2009.08.002', '10.1111/jomf.12261']"
Ariel Kalil,"Maternal employment, work schedules, and children’s body mass index","['10.1111/j.1467-8624.2010.01541.x', '10.1111/jomf.12017', '10.1348/096317910x526803']"
Ariel Kalil,The importance of early childhood poverty,"['10.1007/s11205-011-9867-9', '10.1017/cbo9781139814805.006', '10.1111/j.1467-8624.2009.01396.x']"
Ariel Kalil,Parental employment circumstances and children’s academic progress,"['10.1016/j.ssresearch.2007.08.007', '10.1111/j.1467-8624.2010.01541.x', '10.1007/s13524-011-0086-4']"
Ariel Kalil,Happiness and the invisible threads of social connection,"['10.1007/s12232-010-0093-6', '10.1111/1530-2415.00011', '10.3386/w22907']"
Ariel Kalil,Does consumption buy happiness? Evidence from the United States,"['10.1007/s12232-010-0093-6', '10.1016/j.childyouth.2006.12.004', '10.3386/w22907']"
Ariel Kalil,How do cohabiting couples with children spend their money?,"['10.1111/j.0022-2445.2005.00116.x', '10.1111/j.1467-8624.2012.01795.x', '10.1093/sf/sov076']"
Ariel Kalil,Mothers' economic conditions and sources of support in fragile families,"['10.1353/foc.2010.0009', '10.1111/j.1750-8606.2011.00204.x', '10.1177/074355802237463']"
Ariel Kalil,Maternal working conditions and child well-being in welfare-leaving families.,"['10.1037/0012-1649.41.6.851', '10.1016/j.childyouth.2006.12.004', '10.1016/j.ssresearch.2009.08.002']"
Ariel Kalil,Longitudinal patterns of nonresident fathers’ involvement: The role of resources and relations,"['10.1111/j.1741-3737.2008.00539.x', '10.4324/9781410610874', '10.1093/sf/sov076']"
Dexter R. Voisin,The effects of family and community violence exposure among youth: Recommendations for practice and policy,"['10.5175/jswe.2007.200400473', '10.1007/s10615-014-0506-1', '10.1080/08964289.2016.1189394']"
Dexter R. Voisin,The relationship between violence exposure and HIV sexual risk behaviors: Does gender matter?,"['10.1037/0002-9432.75.4.497', '10.1300/j129v05n03_05', '10.1016/j.jadohealth.2009.11.213']"
Dexter R. Voisin,HIV risks of men in methadone maintenance treatment programs who abuse their intimate partners: a forgotten issue,"['10.1016/s0899-3289(01)00068-2', '10.1177/1359105310379064', '10.4172/2155-6113.1000236']"
Dexter R. Voisin,Ecological factors associated with STD risk behaviors among detained female adolescents,"['10.1093/sw/51.1.71', '10.1016/j.childyouth.2012.07.003', '10.1037/0002-9432.77.4.506']"
Dexter R. Voisin,Teacher connectedness and health-related outcomes among detained adolescents,"['10.1016/j.jadohealth.2004.11.137', '10.1037/0002-9432.77.4.506', '10.4172/2155-6113.s1-017']"
Dexter R. Voisin,Family ecology and HIV sexual risk behaviors among African American and Puerto Rican adolescent males,"['10.1037/0002-9432.72.2.294', '10.1037//0002-9432.72.2.294', '10.1300/j129v05n03_05']"
Dexter R. Voisin,Community violence exposure and adolescent delinquency: Examining a spectrum of promotive factors,"['10.1177/0044118x13475827', '10.1300/j129v05n03_05', '10.5175/jswe.2007.200400473']"
Dexter R. Voisin,Community collaborative youth-focused HIV/AIDS prevention in South Africa and Trinidad: preliminary findings,"['10.1093/jpepsy/jsj100', '10.1300/j200v05n03_05', '10.1300/j187v06n03_03']"
Dexter R. Voisin,“You’re an open target to be abused”: A qualitative study of stigma and HIV self-disclosure among Black men who have sex with men,"['10.2105/ajph.2013.301437', '10.1111/hiv.12050', '10.1177/1359105310379064']"
Dexter R. Voisin,Victims of community violence and HIV sexual risk behaviors among African American adolescent males,"['10.1300/j129v05n03_05', '10.1037/0002-9432.72.2.294', '10.1037//0002-9432.72.2.294']"
Dexter R. Voisin,"“It's crazy being a Black, gay youth.” Getting information about HIV prevention: A pilot study","['10.1016/j.adolescence.2012.09.009', '10.1111/phis.12109', '10.1300/j187v06n03_03']"
Dexter R. Voisin,Mechanisms linking violence exposure and school engagement among African American adolescents: Examining the roles of psychological problem behaviors and gender.,"['10.1111/j.1939-0025.2010.01072.x', '10.1016/j.childyouth.2016.10.010', '10.1016/j.childyouth.2009.06.016']"
Dexter R. Voisin,The association between gang involvement and sexual behaviours among detained adolescent males,"['10.1136/sti.2004.010926', '10.1300/j129v05n03_05', '10.1037/0002-9432.72.2.294']"
Dexter R. Voisin,Witnessing community violence and health‐risk behaviors among detained adolescents,"['10.1037/0002-9432.77.4.506', '10.1300/j129v05n03_05', '10.1016/j.jadohealth.2009.11.213']"
Dexter R. Voisin,African American adolescents living and coping with community violence on Chicago’s Southside,"['10.1177/0886260510383029', '10.1037/ort0000247', '10.1037/vio0000164']"
Dexter R. Voisin,A conceptual model of HIV disclosure in casual sexual encounters among men who have sex with men,"['10.1177/1359105310379064', '10.1111/hiv.12050', '10.1111/j.1468-1293.2012.01005.x']"
Dexter R. Voisin,A meditational model linking witnessing intimate partner violence and bullying behaviors and victimization among youth,"['10.1007/s10648-012-9197-8', '10.1177/1077801215584072', '10.1007/s10964-013-0068-5']"
Dexter R. Voisin,Toward a conceptual model linking community violence exposure to HIV-related risk behaviors among adolescents: Directions for research,"['10.1016/j.jadohealth.2011.01.002', '10.1300/j129v05n03_05', '10.1007/s10964-013-0068-5']"
Dexter R. Voisin,Community violence and health risk factors among adolescents on Chicago's southside: does gender matter?,"['10.1016/j.jadohealth.2009.11.213', '10.1037/0002-9432.75.4.497', '10.1016/j.jadohealth.2016.04.017']"
Dexter R. Voisin,Ecological factors associated with sexual risk behaviors among detained adolescents: A systematic review,"['10.1016/j.childyouth.2012.07.003', '10.1093/sw/51.1.71', '10.1093/swr/32.3.147']"
Christopher Berry,The divergence of human capital levels across cities,"['10.3386/w11617', '10.2139/ssrn.794551', '10.1111/j.1435-5957.2005.00047.x']"
Christopher Berry,The president and the distribution of federal spending,"['10.1017/s0003055410000377', '10.1111/j.1540-6237.2012.00845.x', '10.3982/qe694']"
Christopher Berry,The Jackie (and Jill) Robinson effect: why do congresswomen outperform congressmen?,"['10.1111/j.1540-5907.2011.00512.x', '10.2139/ssrn.1013443', '10.1111/j.1468-0335.2010.00861.x']"
Christopher Berry,Accountability and local elections: Rethinking retrospective voting,"['10.1111/j.1468-2508.2007.00579.x', '10.1111/ajps.12189', '10.1111/j.1754-7121.2012.00206.x']"
Christopher Berry,A Bridge to Somewhere: Mapping State and Congressional Ideology on a Cross‐Institutional Common Space,"['10.3162/036298010792069198', '10.1111/j.1467-9671.2011.01284.x', '10.1111/spol.12323']"
Christopher Berry,The unbundled executive,"['10.4324/9780203507148', '10.7748/ns.16.24.22.s38', '10.5465/ame.1994.19314993']"
Christopher Berry,Imperfect Union: Representation and taxation in multilevel governments,"['10.1017/cbo9780511808524', '10.1111/ajes.12218', '10.1111/ecaf.12228']"
Christopher Berry,After enactment: The lives and deaths of federal programs,"['10.1111/j.1540-5907.2009.00414.x', '10.1177/1359183502007002639', '10.1111/j.1556-4029.2011.01743.x']"
Christopher Berry,Why are smart places getting smarter,"['10.1177/1536504217742400', '10.1111/j.1540-5907.2011.00512.x', '10.7748/ns2013.12.28.16.24.s27']"
Christopher Berry,Growing pains: The school consolidation movement and student outcomes,"['10.1093/jleo/ewn015', '10.1002/jcop.21793', '10.1353/pep.2007.0000']"
Christopher Berry,Piling on: Multilevel government and the fiscal common‐pool,"['10.1111/j.1540-5907.2008.00344.x', '10.2139/ssrn.1144644', '10.1017/cbo9780511808524.005']"
Christopher Berry,Land use regulation and residential segregation: Does zoning matter?,"['10.1093/aler/3.2.251', '10.1111/theo.12006', '10.2139/ssrn.2290256']"
Christopher Berry,To Bank or Not to Bank? A Survey ofLow-Income Households,"['10.1111/1475-679x.12117', '10.1111/trf.14264', '10.1111/j.1467-9957.2011.02274.x']"
Christopher Berry,School inflation,"['10.1111/j.1758-5899.2011.00088.x', '10.1353/pep.2007.0000', '10.1111/twec.12042']"
Christopher Berry,Cardinals or clerics? Congressional committees and the distribution of pork,"['10.1111/ajps.12192', '10.1016/j.jpubeco.2017.12.002', '10.3982/qe694']"
Christopher Berry,The changing dynamics of urban America,"['10.1007/1-4020-3902-6_3', '10.1002/2014eo490007', '10.1002/soej.12157']"
Christopher Berry,Election timing and public policy,"['10.1561/100.00010070', '10.2139/ssrn.1482045', '10.2139/ssrn.1693972']"
Christopher Berry,The timing of elections,"['10.2139/ssrn.1433518', '10.1111/ajps.12189', '10.1002/nvsm.1529']"
Christopher Berry,Fiscal consequences of electoral institutions,"['10.1086/595764', '10.2139/ssrn.996445', '10.1111/j.1540-6237.2011.00767.x']"
Christopher Berry,The impact of school finance judgments on state fiscal policy,"['10.1002/bdm.2061', '10.1111/ajps.12219', '10.1111/j.1749-8171.2012.00339.x']"
Steve Cicala,When does regulation distort costs? lessons from fuel procurement in us electricity generation,"['10.1257/aer.20131377', '10.3386/w20109', '10.2139/ssrn.2353983']"
Steve Cicala,Self-Selection and Comparative Advantage in Social Interactions,"['10.1093/jeea/jvx031', '10.3386/w16880', '10.2139/ssrn.1780652']"
Steve Cicala,Imperfect markets versus imperfect regulation in US electricity generation,"['10.3386/w23053', '10.1257/aer.20131377', '10.3386/w20109']"
Steve Cicala,Regulating Markups in US Health Insurance,"['10.1257/aer.20131377', '10.3386/w23053', '10.3386/w20109']"
Steve Cicala,Comments and Discussion,"['10.1353/eca.2016.0008', '10.1007/bf01556879', '10.1525/jung.2012.6.3.11']"
Steve Cicala,Books & Publications,
Steve Cicala,Books & Publications,
Ethan Bueno de Mesquita,The quality of terror,"['10.2307/3647729', '10.1111/j.1540-5907.2005.00139.x', '10.7551/mitpress/9780262012812.003.0007']"
Ethan Bueno de Mesquita,"The propaganda of the deed: Terrorism, counterterrorism, and mobilization","['10.1111/j.1540-5907.2007.00256.x', '10.4135/9781446247587.n25', '10.1017/s0020818305050022']"
Ethan Bueno de Mesquita,"Conciliation, counterterrorism, and patterns of terrorist violence","['10.1017/s0020818305050022', '10.4135/9781446247587.n25', '10.1561/100.00008006']"
Ethan Bueno de Mesquita,Regime change and revolutionary entrepreneurs,"['10.1017/s0003055410000274', '10.1177/0010414008323330', '10.2307/2082512']"
Ethan Bueno de Mesquita,"Electoral Selection, Strategic Challenger Entry, and the Incumbency Advantage","['10.1017/s0022381608081024', '10.2307/422424', '10.1177/0951629808090135']"
Ethan Bueno de Mesquita,Disentangling Accountability and Competence in Elections: Evidence from US Term Limits,"['10.1017/s0022381610000940', '10.1257/mic.20150349', '10.1016/j.jpubeco.2015.09.012']"
Ethan Bueno de Mesquita,Elections with platform and valence competition,"['10.1016/j.geb.2008.11.007', '10.1177/0022002704272193', '10.1257/mic.20150349']"
Ethan Bueno de Mesquita,Delivering the goods: Legislative particularism in different electoral and institutional settings,"['10.1111/j.1468-2508.2006.00378.x', '10.1177/0951629808090135', '10.2307/422424']"
Ethan Bueno de Mesquita,Politics and the suboptimal provision of counterterror,"['10.1017/s0020818307070087', '10.2307/3647729', '10.1111/j.1540-5907.2005.00139.x']"
Ethan Bueno de Mesquita,Informative precedent and intrajudicial communication,"['10.1017/s0003055402000436', '10.1177/0951629808090135', '10.1108/13563280510596934']"
Ethan Bueno de Mesquita,Regulatory quality under imperfect oversight,"['10.1017/s0003055407070359', '10.2307/3647729', '10.1111/j.1540-5907.2005.00139.x']"
Ethan Bueno de Mesquita,"Is voter competence good for voters?: Information, rationality, and democratic performance","['10.1017/s0003055414000264', '10.1111/ajps.12334', '10.1515/9781400883189']"
Ethan Bueno de Mesquita,Rebel tactics,"['10.1086/670137', '10.1111/j.1467-6494.2011.00698.x', '10.1007/978-1-4614-5140-2_4']"
Ethan Bueno de Mesquita,Informative party labels with institutional and electoral variation,"['10.1177/0951629808090135', '10.1111/j.1468-2508.2006.00378.x', '10.2307/422424']"
Ethan Bueno de Mesquita,Terrorist factions,"['10.1561/100.00008006', '10.1177/0022002704272193', '10.1017/s0020818305050022']"
Ethan Bueno de Mesquita,The terrorist endgame: A model with moral hazard and learning,"['10.1177/0022002704272193', '10.1561/100.00008006', '10.1017/s0020818305050022']"
Ethan Bueno de Mesquita,Monotone comparative statics for models of politics,"['10.1111/j.1540-5907.2006.00180.x', '10.1017/s0020818307070087', '10.1515/9781400883189']"
Ethan Bueno de Mesquita,The political economy of terrorism: A selective overview of recent work,"['10.1515/9781400883189', '10.4135/9781446247587.n25', '10.1080/17539150903024849']"
Ethan Bueno de Mesquita,Strategic and nonpolicy voting: a coalitional analysis of Israeli electoral reform,"['10.2307/422424', '10.1017/s0022381608081024', '10.1017/s0020818300035311']"
Ethan Bueno de Mesquita,Accountability and information in elections,"['10.1257/mic.20150349', '10.1017/s0022381610000940', '10.1016/j.jpubeco.2015.09.012']"
Katherine Baicker,The Oregon Health Insurance Experiment: Evidence from the First Year,"['10.3386/w17190', '10.1093/qje/qjs020', '10.1111/j.1468-0009.2011.00656.x']"
Katherine Baicker,Workplace wellness programs can generate savings,"['10.1377/hlthaff.2009.0626', '10.1001/jamainternmed.2014.2525', '10.17310/ntj.2006.3.04']"
Katherine Baicker,The Oregon experiment—effects of Medicaid on clinical outcomes,"['10.1056/nejmp1108222', '10.1111/1468-0009.12311', '10.1056/nejmsa1212321']"
Katherine Baicker,"Medicare spending, the physician workforce, and beneficiaries' quality of care","['10.1377/hlthaff.w4.184', '10.1257/0002828041301461', '10.2145/20060203']"
Katherine Baicker,Mortality and access to care among adults after state Medicaid expansions,"['10.1056/nejmsa1202099', '10.3386/w10440', '10.1162/qjec.2005.120.1.345']"
Katherine Baicker,The spillover effects of state spending,"['10.3386/w8383', '10.1016/j.jpubeco.2003.11.003', '10.3386/w10701']"
Katherine Baicker,Medicaid increases emergency-department use: evidence from Oregon's Health Insurance Experiment,"['10.1111/1468-0009.12311', '10.1126/science.1246183', '10.1056/nejmp1108222']"
Katherine Baicker,Who you are and where you live: how race and geography affect the treatment of Medicare beneficiaries,"['10.1377/hlthaff.var.33', '10.1038/nrn.2016.35', '10.2307/4023505']"
Katherine Baicker,The labor market effects of rising health insurance premiums,"['10.3386/w11160', '10.1086/505049', '10.1257/000282805774670121']"
Katherine Baicker,Geographic variation in health care and the problem of measuring racial disparities,"['10.1353/pbm.2005.0020', '10.1353/pbm.2005.0034', '10.1056/nejmp1010220']"
Katherine Baicker,Geographic variation in the appropriate use of cesarean delivery,"['10.1377/hlthaff.25.w355', '10.1056/nejmp1010220', '10.1056/nejmp1004872']"
Katherine Baicker,Malpractice liability costs and the practice of medicine in the Medicare program,"['10.1377/hlthaff.26.3.841', '10.3386/w10709', '10.2202/1558-9544.1010']"
Katherine Baicker,Changes in mortality after Massachusetts health care reform: a quasi-experimental study,"['10.7326/m13-2275', '10.7326/l15-5085-2', '10.2145/20070305']"
Katherine Baicker,The effect of malpractice liability on the delivery of health care,"['10.3386/w10709', '10.2202/1558-9544.1010', '10.1111/1468-0009.12311']"
Katherine Baicker,Patient cost-sharing and healthcare spending growth,"['10.1257/jep.25.2.47', '10.1001/jamainternmed.2015.1109', '10.1001/jamainternmed.2014.7595']"
Katherine Baicker,The effects of Medicaid coverage—learning from the Oregon experiment,"['10.1056/nejmp1108222', '10.1111/1468-0009.12311', '10.1056/nejmsa1212321']"
Katherine Baicker,The impact of Medicaid on labor market activity and program participation: evidence from the Oregon Health Insurance Experiment,"['10.1257/aer.104.5.322', '10.3386/w19547', '10.1111/1468-0009.12311']"
Katherine Baicker,"Finders keepers: Forfeiture laws, policing incentives, and local budgets","['10.3386/w10484', '10.1016/j.jpubeco.2007.03.009', '10.2145/20060203']"
Katherine Baicker,Behavioral hazard in health insurance,"['10.1111/j.1468-0009.2011.00656.x', '10.3386/w18468', '10.1093/qje/qjv029']"
Katherine Baicker,Health insurance coverage and take‐up: Lessons from behavioral economics,"['10.1111/j.1468-0009.2011.00656.x', '10.3386/w18468', '10.1093/qje/qjv029']"
Alicia Menendez,Sex differences in obesity rates in poor countries: evidence from South Africa,"['10.3386/w13541', '10.1016/j.ehb.2009.07.002', '10.3386/w14998']"
Alicia Menendez,Fertility changes in Latin America in periods of economic uncertainty,"['10.1080/00324728.2010.530291', '10.1093/acrefore/9780199340378.013.380', '10.1002/cncr.25273']"
Alicia Menendez,"Does money empower the elderly? Evidence from the Agincourt demographic surveillance site, South Africa1","['10.1080/14034950701355445', '10.1086/678983', '10.3386/w13541']"
Alicia Menendez,Public university in Argentina: subsidizing the rich?,"['10.1016/s0272-7757(01)00030-9', '10.6017/ihe.2001.22.6911', '10.1086/505724']"
Alicia Menendez,The Cape Area Panel Study: Overview and Technical Documentation Waves 1-2-3-4 (2002-2006),"['10.1177/0164027509348143', '10.1111/eulj.12166', '10.1111/jfcj.12003']"
Alicia Menendez,The impact of AIDS on intergenerational support in South Africa: Evidence from the Cape Area Panel Study,"['10.1177/0164027509348143', '10.3386/w13541', '10.1016/j.ehb.2009.07.002']"
Alicia Menendez,Paying the piper: the high cost of funerals in South Africa,"['10.1086/671712', '10.3386/w14456', '10.3386/w14998']"
Alicia Menendez,The Cape Area Panel Study: a very short introduction to the integrated waves 1-2-3-4 data,"['10.1177/0164027509348143', '10.1111/eulj.12166', '10.1016/s0270-6644(07)70700-2']"
Alicia Menendez,"Why Have Urban Poverty and Income Inequality Increased So Much? Argentina, 1991–2001","['10.1086/505724', '10.1111/issj.12070', '10.6017/ihe.2001.22.6911']"
Alicia Menendez,Health seeking behaviour in northern KwaZulu-Natal,"['10.1086/678983', '10.1080/00324728.2010.530291', '10.1111/aeq.12011']"
Alicia Menendez,Paying the piper: The high cost of funerals in South Africa,"['10.1086/671712', '10.3386/w14456', '10.3386/w14998']"
Alicia Menendez,Paying the piper: The high cost of funerals in South Africa,"['10.1086/671712', '10.3386/w14456', '10.3386/w14998']"
Alicia Menendez,Medical compliance and income-health gradients,"['10.1257/0002828041302046', '10.1002/dhe.30452', '10.1086/505724']"
Alicia Menendez,Social protection and labor market outcomes of youth in South Africa,"['10.1177/0019793915611411', '10.3386/w14998', '10.3386/w13541']"
Alicia Menendez,Requiescat in Pace? The consequences of high-priced funerals in South Africa,"['10.3386/w14998', '10.7208/chicago/9780226903385.003.0012', '10.1086/671712']"
Alicia Menendez,The returns to flexible postsecondary education: The effect of delaying school,"['10.3138/cpp.2013-001', '10.4324/9781410608581', '10.1080/00324728.2010.530291']"
Alicia Menendez,Health seeking behavior in northern KwaZulu-Natal,"['10.1086/678983', '10.1080/00324728.2010.530291', '10.1111/aeq.12011']"
Alicia Menendez,"Early childbearing, human capital attainment and mortality risk: Evidence from a longitudinal demographic surveillance area in rural-KwaZulu-Natal, South Africa.","['10.1086/678983', '10.1080/14034950701355445', '10.3386/w13541']"
Alicia Menendez,From intervention to invitation: reshaping adolescent sexual health through story telling and games,"['10.1002/cncr.29675', '10.1002/pits.21886', '10.1016/j.econedurev.2017.09.003']"
Alicia Menendez,"Wage Dispersion in Argentina, 1976–93: Trade Liberalization amidst Inflation, Stabilization, and Overvaluation","['10.6017/ihe.2001.22.6911', '10.1016/s0272-7757(01)00030-9', '10.1086/505724']"
Bruce D. Meyer,Unemployment insurance and unemployment spells,"['10.2307/2938349', '10.3386/w2546', '10.2307/2937881']"
Bruce D. Meyer,Comparative government and politics,"['10.1177/0021886312438859', '10.1017/9781316941218.008', '10.2307/2077659']"
Bruce D. Meyer,"Welfare, the earned income tax credit, and the labor supply of single mothers","['10.3386/w7363', '10.1162/00335530152466313', '10.1086/649831']"
Bruce D. Meyer,The impact of the potential duration of unemployment benefits on the duration of unemployment,"['10.1016/0047-2727(92)90056-l', '10.3386/w2741', '10.1111/j.1468-0084.1991.mp53004003.x']"
Bruce D. Meyer,Ethnic and racial self-employment differences and possible explanations,"['10.2307/146146', '10.1111/ajt.12066', '10.1002/cncr.30109']"
Bruce D. Meyer,Ethnic and racial self-employment differences and possible explanations,"['10.2307/146146', '10.1111/ajt.12066', '10.1002/cncr.30109']"
Bruce D. Meyer,Lessons from the US unemployment insurance experiments,"['10.3386/w4197', '10.2307/2938349', '10.3386/w2546']"
Bruce D. Meyer,Labor supply effects of social insurance,"['10.3386/w9014', '10.1016/s1573-4420(02)80012-x', '10.1111/ecin.12405']"
Bruce D. Meyer,A longitudinal analysis of the young self-employed in Australia and the United States,"['10.1007/bf01066108', '10.3386/w3746', '10.1111/j.1467-8624.2012.01796.x']"
Bruce D. Meyer,Workers' compensation and injury duration: evidence from a natural experiment,"['10.3386/w3494', '10.1086/684017', '10.1016/j.coem.2004.02.008']"
Bruce D. Meyer,Measuring the well-being of the poor using income and consumption,"['10.1111/j.1540-5982.2010.01623.x', '10.2307/3558985', '10.3386/w9760']"
Bruce D. Meyer,"Unemployment insurance, recall expectations, and unemployment outcomes","['10.2307/2937881', '10.3386/w2594', '10.2307/2938349']"
Bruce D. Meyer,Making single mothers work: Recent tax and welfare policy and its effects,"['10.17310/ntj.2000.4s1.02', '10.3386/w7491', '10.1111/ecin.12223']"
Bruce D. Meyer,The extent and consequences of job turnover,"['10.2307/2534731', '10.1002/ajim.22255', '10.2139/ssrn.2196972']"
Bruce D. Meyer,The under-reporting of transfers in household surveys: its nature and consequences,"['10.3386/w15181', '10.1257/jep.29.4.199', '10.1111/j.1523-1739.2010.01500.x']"
Bruce D. Meyer,Unemployment insurance takeup rates and the after-tax value of benefits,"['10.3386/w4787', '10.1162/003355397555389', '10.17310/ntj.2006.1.04']"
Bruce D. Meyer,Why are there so few black entrepreneurs?,"['10.3386/w3537', '10.1111/j.1365-2966.2007.12817.x', '10.1111/j.1365-2656.2012.02002.x']"
Bruce D. Meyer,Trends in self-employment among white and black men during the twentieth century,"['10.2307/146366', '10.3386/w7182', '10.2307/j.ctt1t8955q.31']"
Bruce D. Meyer,"The effects of the unemployment insurance payroll tax on wages, employment, claims and denials","['10.1016/s0047-2727(99)00112-7', '10.3386/w6808', '10.1086/tpe.7.20060631']"
Bruce D. Meyer,"Labor supply at the extensive and intensive margins: The EITC, welfare, and hours worked","['10.1257/000282802320191642', '10.3386/w7363', '10.1111/ecin.12405']"
Kerwin Kofi Charles,Conspicuous consumption and race,"['10.3386/w13392', '10.1162/qjec.2009.124.2.425', '10.3386/w12388']"
Kerwin Kofi Charles,The correlation of wealth across generations,"['10.1086/378526', '10.3386/w9314', '10.1162/003465302317411532']"
Kerwin Kofi Charles,Accounting for the Black–White Wealth Gap,"['10.1198/016214502388618401', '10.1162/003465302317411532', '10.3386/w8466']"
Kerwin Kofi Charles,"Job displacement, disability, and divorce","['10.3386/w8578', '10.1086/381258', '10.1162/rest_a_00692']"
Kerwin Kofi Charles,Prejudice and Wages: An Empirical Assessment of Becker’s The Economics of Discrimination,"['10.1086/593073', '10.3386/w13661', '10.1111/ecoj.12080']"
Kerwin Kofi Charles,Is retirement depressing?: Labor force inactivity and psychological well-being in later life,"['10.3386/w9033', '10.1016/s0147-9121(04)23008-4', '10.1111/j.1465-7295.2006.00009.x']"
Kerwin Kofi Charles,The transition to home ownership and the black-white wealth gap,"['10.1162/003465302317411532', '10.1198/016214502388618401', '10.3386/w8466']"
Kerwin Kofi Charles,Can family caregiving substitute for nursing home care?,"['10.1016/j.jhealeco.2005.05.001', '10.1162/003465302317411532', '10.2307/583548']"
Kerwin Kofi Charles,"Male incarceration, the marriage market, and female outcomes","['10.1162/rest_a_00022', '10.3386/w18949', '10.1111/ecoj.12598']"
Kerwin Kofi Charles,Local labor market fluctuations and health: is there a connection and for whom?,"['10.1016/j.jhealeco.2008.06.004', '10.1162/rest_a_00692', '10.3386/w9033']"
Kerwin Kofi Charles,Gender differences in completed schooling,"['10.3386/w9028', '10.1162/003465303322369722', '10.3386/w22797']"
Kerwin Kofi Charles,"Housing Booms, Manufacturing Decline, and Labor Market Outcomes","['10.3386/w18949', '10.1111/ecoj.12598', '10.2139/ssrn.2273684']"
Kerwin Kofi Charles,The longitudinal structure of earnings losses among work-limited disabled workers,"['10.3368/jhr.xxxviii.3.618', '10.2307/1558770', '10.3368/jhr.43.3.721']"
Kerwin Kofi Charles,Relational costs and the production of social capital: Evidence from carpooling,"['10.1111/j.1468-0297.2006.01093.x', '10.3386/w9041', '10.1111/j.1467-6486.2009.00904.x']"
Kerwin Kofi Charles,Taste‐based or Statistical Discrimination: The Economics of Discrimination Returns to its Roots,"['10.1111/ecoj.12080', '10.1057/9781137336583.1795', '10.1057/978-1-349-95121-5_2977-1']"
Kerwin Kofi Charles,Studying discrimination: Fundamental challenges and recent progress,"['10.3386/w17156', '10.1146/annurev.economics.102308.124448', '10.1057/9781137336583.1795']"
Kerwin Kofi Charles,"Housing booms and busts, labor market opportunities, and college attendance","['10.3386/w21587', '10.1257/aer.20151604', '10.3386/w18949']"
Kerwin Kofi Charles,Abortion legalization and Adolescent Substance use,"['10.3386/w9193', '10.1086/508249', '10.1007/s10940-012-9169-7']"
Kerwin Kofi Charles,The masking of the decline in manufacturing employment by the housing bubble,"['10.1257/jep.30.2.179', '10.2139/ssrn.2273684', '10.2139/ssrn.3154376']"
Kerwin Kofi Charles,Marital sorting and parental wealth,"['10.3386/w16748', '10.1007/s13524-012-0144-6', '10.1086/378526']"
Dan A. Black,Demographics of the gay and lesbian population in the United States: Evidence from available systematic data sources,"['10.2307/2648117', '10.1029/2011jd016951', '10.1111/1540-6229.12096']"
Dan A. Black,How robust is the evidence on the effects of college quality? Evidence from matching,"['10.1016/j.jeconom.2003.10.006', '10.1111/1467-8454.12018', '10.1111/j.1468-0009.2005.00403.x']"
Dan A. Black,On-the-Job Training,"['10.1086/298196', '10.17848/9780585262369', '10.2307/2525019']"
Dan A. Black,Job matching and on-the-job training,"['10.1086/298196', '10.17848/9780585262369', '10.2307/2525019']"
Dan A. Black,Is the threat of reemployment services more effective than the services themselves? Evidence from random assignment in the UI system,"['10.1257/000282803769206313', '10.3386/w8825', '10.1002/ss.20111']"
Dan A. Black,"Employer size: The implications for search, training, capital investment, starting wages, and wage growth","['10.1086/298138', '10.1111/manc.12202', '10.2307/146207']"
Dan A. Black,Discrimination in an equilibrium search model,"['10.1086/298376', '10.1002/2017wr021644', '10.1029/2008ja013912']"
Dan A. Black,The Earnings Effect of Sexual Orientation,"['10.2307/3590918', '10.1177/001979390305600305', '10.1111/fcre.12352']"
Dan A. Black,Estimating the returns to college quality with multiple proxies for quality,"['10.1086/505067', '10.1001/jama.282.11.1083', '10.1016/j.labeco.2016.01.005']"
Dan A. Black,Do right-to-carry laws deter violent crime?,"['10.1086/468019', '10.1002/ab.21525', '10.1111/j.1745-9133.2012.00811.x']"
Dan A. Black,Bidding for firms,"['10.1111/j.1475-679x.2012.00466.x', '10.1111/ijtd.12048', '10.1111/j.1468-036x.2013.12031.x']"
Dan A. Black,The economic impact of the coal boom and bust,"['10.1111/j.1468-0297.2005.00996.x', '10.1111/1540-6229.12075', '10.1257/000282802760015595']"
Dan A. Black,The impact of economic conditions on participation in disability programs: Evidence from the coal boom and bust,"['10.1257/000282802760015595', '10.1111/j.1468-0297.2005.00996.x', '10.1002/hec.3020']"
Dan A. Black,"Gender differences in training, capital, and wages","['10.2307/146207', '10.1086/298138', '10.1111/j.1547-5069.2012.01477.x']"
Dan A. Black,How well do we measure training?,"['10.1086/209870', '10.1111/j.1465-7287.1998.tb00525.x', '10.1111/j.1472-4642.2007.00380.x']"
Dan A. Black,"Child care subsidies, quality of care, and the labor supply of low-income, single mothers","['10.2307/2109377', '10.1111/j.1651-2227.2011.02344.x', '10.1111/jomf.12055']"
Dan A. Black,Why do gay men live in San Francisco?,"['10.1006/juec.2001.2237', '10.1111/j.1439-0485.2010.00411.x', '10.1111/j.1464-410x.2010.09833.x']"
Dan A. Black,The economics of lesbian and gay families,"['10.1257/jep.21.2.53', '10.4135/9781483387956.n9', '10.1002/9781118521373.wbeaa105']"
Dan A. Black,Bounding parameter estimates with nonclassical measurement error,"['10.2307/2669454', '10.1080/01621459.2000.10474262', '10.1002/asl2.572']"
Dan A. Black,College quality and wages in the United States,"['10.1111/j.1468-0475.2005.00140.x', '10.4324/9781315498133', '10.1111/j.1740-1461.2009.01157.x']"
William Howell,Power without persuasion: The politics of direct presidential action,"['10.1515/9781400874392', '10.1111/1741-5705.00070', '10.1002/9781118900772.etrds0262']"
William Howell,The education gap: Vouchers and urban schools,"['10.2307/1556520', '10.1111/j.1399-3038.2012.01327.x', '10.1177/0013124509333577']"
William Howell,The presidential power of unilateral action,"['10.1111/1741-5705.00070', '10.1515/9781400874392', '10.1002/9781118900772.etrds0262']"
William Howell,While dangers gather: Congressional checks on presidential war powers,"['10.1515/9781400840830', '10.1146/annurev-polisci-040609-155927', '10.1111/1741-5705.00070']"
William Howell,The president and the distribution of federal spending,"['10.1017/s0003055410000377', '10.1111/j.1741-5705.2012.04017.x', '10.1017/cbo9780511511462.010']"
William Howell,"Divided government and the legislative productivity of Congress, 1945-94","['10.2307/440372', '10.1111/j.1540-5907.2012.00619.x', '10.1515/9781400858125']"
William Howell,Unilateral action and presidential power: A theory,"['10.1111/1741-5705.00070', '10.1515/9781400874392', '10.1002/9781118900772.etrds0262']"
William Howell,School vouchers and academic performance: Results from three randomized field trials,"['10.1002/pam.10023', '10.7208/chicago/9780226355344.003.0005', '10.1177/0002764203260153']"
William Howell,Accountability and local elections: Rethinking retrospective voting,"['10.1111/j.1468-2508.2007.00579.x', '10.1111/j.1741-5705.2010.03805.x', '10.1111/j.1540-5907.2012.00619.x']"
William Howell,Agencies by presidential design,"['10.1111/1468-2508.00164', '10.1111/1741-5705.00070', '10.1002/pam.21986']"
William Howell,The politics of race,"['10.1515/9781400874392', '10.1080/14616742.2018.1447310', '10.1111/j.1468-2257.2009.00501.x']"
William Howell,"Presidents, Congress, and the use of force","['10.1017/s0020818305050034', '10.1177/1098611112451262', '10.1021/cen-v079n030.p029']"
William Howell,Toward a broader understanding of presidential power: A reevaluation of the two presidencies thesis,"['10.1017/s0022381607080061', '10.1111/1741-5705.00070', '10.4324/9781315498614']"
William Howell,School Choice in New York City after Three Years: An Evaluation of the School Choice Scholarships Program. Final Report.,"['10.1002/bdm.1854', '10.1111/j.1749-6632.2009.05308.x', '10.1111/j.1749-6632.2009.05306.x']"
William Howell,Unilateral powers: A brief overview,"['10.1111/j.1741-5705.2005.00258.x', '10.1111/1741-5705.00070', '10.1037/e529672010-034']"
William Howell,Besieged: School boards and the future of education politics,"['10.4324/9781315043180', '10.1037/e529922010-014', '10.1515/9781400874392']"
William Howell,School vouchers. Results from randomized experiments,"['10.7208/chicago/9780226355344.003.0005', '10.1002/pam.10023', '10.1177/0002764203260153']"
William Howell,Lessons from the Cleveland Scholarship Program.,"['10.1037/10278-018', '10.1080/00119253.1943.10742123', '10.1111/cars.12014']"
William Howell,After enactment: The lives and deaths of federal programs,"['10.1111/j.1540-5907.2009.00414.x', '10.1016/s0140-6736(55)92880-4', '10.2307/972423']"
William Howell,An Evaluation of the Cleveland Voucher Program after Two Years.,"['10.1017/s1049096502001063', '10.1002/pam.20002', '10.1007/bf00877788']"
Jens Ludwig,Does Head Start improve children's life chances? Evidence from a regression discontinuity design,"['10.3386/w11702', '10.1162/qjec.122.1.159', '10.1111/ajps.12127']"
Jens Ludwig,Urban poverty and juvenile crime: Evidence from a randomized housing-mobility experiment,"['10.1162/00335530151144122', '10.3386/w10777', '10.1162/qjec.2005.120.1.87']"
Jens Ludwig,Neighborhood effects on crime for female and male youth: Evidence from a randomized housing voucher experiment,"['10.3386/w10777', '10.1162/qjec.2005.120.1.87', '10.1162/0033553053327470']"
Jens Ludwig,"Neighborhoods, obesity, and diabetes—a randomized social experiment","['10.1056/nejmsa1103216', '10.3233/jem-150410', '10.1111/j.1600-0412.2011.01090.x']"
Jens Ludwig,Broken windows: New evidence from New York City and a five-city social experiment,"['10.1111/j.1745-9133.2007.00427.x', '10.2105/ajph.2011.300306', '10.2307/773305']"
Jens Ludwig,Neighborhood effects on the long-term well-being of low-income adults,"['10.1126/science.1224648', '10.1196/annals.1425.005', '10.3886/icpsr34563']"
Jens Ludwig,The burden of “acting White”: Do Black adolescents disparage academic achievement,"['10.1002/(sici)1520-6688(199721)16:2<256::aid-pam4>3.0.co;2-h', '10.1002/(sici)1520-6688(199721)16:2<256::aid-pam4>3.3.co;2-9', '10.3386/w12988']"
Jens Ludwig,Gun violence: The real costs,"['10.1093/acprof:oso/9780195153842.001.0001', '10.2307/1602740', '10.1073/pnas.1717306114']"
Jens Ludwig,Investing in our future: The evidence base on preschool education,"['10.1016/s0140-6736(06)69332-x', '10.3386/w14570', '10.1177/002070201306800107']"
Jens Ludwig,What can we learn about neighborhood effects from the moving to opportunity experiment?,"['10.1086/588741', '10.1007/978-3-531-93244-6_3', '10.1071/ap09020']"
Jens Ludwig,The endogeneity problem in developmental studies,"['10.1207/s15427617rhd0101&2_5', '10.1080/15427609.2004.9683330', '10.1145/3097983.3098066']"
Jens Ludwig,Homicide and suicide rates associated with implementation of the Brady Handgun Violence Prevention Act,"['10.1001/jama.284.5.585', '10.1073/pnas.1717306114', '10.2307/1602740']"
Jens Ludwig,Moving to opportunity for fair housing demonstration program: Final impacts evaluation,"['10.3886/icpsr34860', '10.3886/icpsr34860.v1', '10.3886/icpsr34860.v2']"
Jens Ludwig,Weighing the “burden of ‘acting white’”: Are there race differences in attitudes toward education?,"['10.1002/(sici)1520-6688(199721)16:2<256::aid-pam4>3.0.co;2-h', '10.1002/(sici)1520-6688(199721)16:2<256::aid-pam4>3.3.co;2-9', '10.1111/pace.12682']"
Jens Ludwig,"A diagnostic analysis of black-white GPA disparities in Shaker Heights, Ohio","['10.3386/w12988', '10.1111/j.1748-1090.2011.00164.x', '10.1111/bju.12111']"
Jens Ludwig,The benefits and costs of Head Start,"['10.3386/w12973', '10.1002/j.2379-3988.2007.tb00052.x', '10.1196/annals.1425.005']"
Jens Ludwig,Long-term neighborhood effects on low-income families: Evidence from Moving to Opportunity,"['10.3386/w18772', '10.1257/aer.103.3.226', '10.1007/978-3-531-93244-6_3']"
Jens Ludwig,Guns in America: results of a comprehensive national survey on firearms ownership and use,"['10.1037/e514612006-001', '10.1093/acprof:oso/9780195153842.003.0003', '10.1029/2011jg001820']"
Jens Ludwig,Urban poverty and educational outcomes [with comments],"['10.1353/urb.2001.0010', '10.3386/w14550', '10.1353/urb.2003.0001']"
Jens Ludwig,Concealed-gun-carrying laws and violent crime: evidence from state panel data,"['10.1016/s0144-8188(98)00012-x', '10.2307/2655341', '10.1111/j.1745-9133.2005.00352.x']"
Scott Ashworth,Electoral accountability: recent theoretical and empirical work,"['10.1146/annurev-polisci-031710-103823', '10.1111/ajps.12122', '10.1111/1468-2230.12266']"
Scott Ashworth,Reputational dynamics and political careers,"['10.1093/jleo/ewi015', '10.1002/cala.30761', '10.1111/1475-6765.12237']"
Scott Ashworth,"Electoral selection, strategic challenger entry, and the incumbency advantage","['10.1017/s0022381608081024', '10.1146/annurev-polisci-031710-103823', '10.1111/ajps.12122']"
Scott Ashworth,Elections with platform and valence competition,"['10.1016/j.geb.2008.11.007', '10.1257/mic.20150349', '10.1017/s0003055406062009']"
Scott Ashworth,Delivering the goods: Legislative particularism in different electoral and institutional settings,"['10.1111/j.1468-2508.2006.00378.x', '10.7748/ns.14.16.12.s30', '10.1177/0951629808090135']"
Scott Ashworth,Campaign finance and voter welfare with entrenched incumbents,"['10.1017/s0003055406062009', '10.1057/9781137336583.0194', '10.1057/978-1-349-95121-5_2749-1']"
Scott Ashworth,"Is voter competence good for voters?: Information, rationality, and democratic performance","['10.1017/s0003055414000264', '10.1111/ajps.12334', '10.1145/1067860.1067866']"
Scott Ashworth,"Design, inference, and the strategic logic of suicide terrorism","['10.1017/s0003055408080167', '10.1162/wash.2006.29.2.127', '10.1162/016366006776026239']"
Scott Ashworth,Monotone comparative statics for models of politics,"['10.1111/j.1540-5907.2006.00180.x', '10.1111/j.1467-9876.2010.00752.x', '10.1017/cbo9781139045544']"
Scott Ashworth,Informative party labels with institutional and electoral variation,"['10.1177/0951629808090135', '10.1146/annurev-polisci-031710-103823', '10.1111/j.1468-2508.2006.00378.x']"
Scott Ashworth,Does informative media commentary reduce politicians' incentives to pander?,"['10.1016/j.jpubeco.2010.06.013', '10.1561/100.00005051', '10.1177/0951629808090135']"
Scott Ashworth,Does advertising exposure affect turnout?,"['10.1561/100.00005051', '10.2501/jar-2018-012', '10.1016/j.jpubeco.2010.06.013']"
Scott Ashworth,Accountability and information in elections,"['10.1257/mic.20150349', '10.1146/annurev-polisci-031710-103823', '10.1108/eb050316']"
Scott Ashworth,Learning about voter rationality,"['10.1111/ajps.12334', '10.1017/s0003055414000264', '10.1145/1067860.1067866']"
Scott Ashworth,Unified versus Divided Political Authority,"['10.1086/692668', '10.1093/jleo/ewi015', '10.1111/j.1468-0335.2008.00698.x']"
Scott Ashworth,The economics of campaign finance,"['10.1057/9781137336583.0194', '10.1057/978-1-349-95121-5_2749-1', '10.1057/9780230226203.0186']"
Scott Ashworth,Challengers and Electoral Accountability,"['10.1146/annurev-polisci-031710-103823', '10.1111/ajps.12122', '10.1111/1467-8500.12110']"
Scott Ashworth,Should audiences cost? optimal domestic constraints in international crises,"['10.1002/pam.21650', '10.1111/j.1540-5982.2009.01545.x', '10.1111/1468-0289.12000']"
Scott Ashworth,Targeted Campaigns with Ambiguity-Averse Voters,"['10.1111/j.1467-6435.2012.00542.x', '10.1017/s0003055414000264', '10.1017/s0003055406062009']"
Scott Ashworth,"Party discipline, executive power, and ideological balance","['10.2307/440339', '10.1111/cch.12052', '10.1177/0951629808090135']"
Konstantin Sonin,Why the rich may favor poor protection of property rights,"['10.2139/ssrn.386102', '10.1016/j.jce.2003.09.005', '10.1016/j.jpubeco.2008.07.003']"
Konstantin Sonin,Why resource-poor dictators allow freer media: A theory and evidence from panel data,"['10.1017/s0003055409990219', '10.1016/j.jpubeco.2008.07.003', '10.2139/ssrn.386102']"
Konstantin Sonin,Теория экономических механизмов,"['10.3406/cmr.1995.2442', '10.4213/tmf8980']"
Konstantin Sonin,Dictators and their viziers: Endogenizing the loyalty–competence trade‐off,"['10.2139/ssrn.630503', '10.1111/j.1542-4774.2011.01033.x', '10.1016/j.jpubeco.2008.07.003']"
Konstantin Sonin,A Political Theory of Populism,"['10.3386/w17306', '10.2139/ssrn.1703342', '10.2139/ssrn.1910241']"
Konstantin Sonin,Government control of the media,"['10.2139/ssrn.1315882', '10.1016/j.jpubeco.2014.06.004', '10.1111/ecot.12006']"
Konstantin Sonin,Determinants of nationalization in the oil sector: A theory and evidence from panel data,"['10.1093/jleo/ewp011', '10.1017/s0003055409990219', '10.1016/j.rie.2015.05.005']"
Konstantin Sonin,Are Russian commercial courts biased? Evidence from a bankruptcy law transplant,"['10.1016/j.jce.2007.03.009', '10.2139/ssrn.939032', '10.2139/ssrn.253334']"
Konstantin Sonin,Coalition formation in non-democracies,"['10.1111/j.1467-937x.2008.00503.x', '10.2139/ssrn.2497277', '10.3386/w20519']"
Konstantin Sonin,Экономический механизм сырьевой модели развития,"['10.14498/vsgtu1018', '10.4213/tmf1123', '10.4213/tmf642']"
Konstantin Sonin,"Dynamics and stability of constitutions, coalitions, and clubs","['10.3386/w14239', '10.2139/ssrn.1201982', '10.1257/aer.102.4.1446']"
Konstantin Sonin,Экономика ресурсного проклятия,[]
Konstantin Sonin,Businessman candidates,"['10.1111/j.1540-5907.2010.00456.x', '10.1080/154214090960018', '10.1186/1475-2875-11-s1-o51']"
Konstantin Sonin,Field experiment estimate of electoral fraud in Russian parliamentary elections,"['10.1073/pnas.1206770110', '10.1075/wlp.6.03zam', '10.1111/ecot.12006']"
Konstantin Sonin,Collusive market sharing and corruption in procurement,"['10.1111/j.1530-9134.2006.00121.x', '10.1057/978-1-349-95121-5_2426-1', '10.2139/ssrn.1397325']"
Konstantin Sonin,Political selection and persistence of bad governments,"['10.3386/w15230', '10.2139/ssrn.1444145', '10.1162/qjec.2010.125.4.1511']"
Konstantin Sonin,Dictators and oligarchs: A dynamic theory of contested property rights,"['10.1016/j.jpubeco.2008.07.003', '10.2139/ssrn.386102', '10.1016/j.jce.2003.09.005']"
Konstantin Sonin,Provincial protectionism,"['10.1016/j.jce.2009.04.009', '10.2139/ssrn.403960', '10.17076/hum194']"
Konstantin Sonin,Институциональная теория бесконечного передела,"['10.3406/cmr.1995.2442', '10.4213/tmf8980']"
Konstantin Sonin,Formal models of nondemocratic politics,"['10.1146/annurev-polisci-042114-014927', '10.1111/ecot.12006', '10.2139/ssrn.386102']"
Anjali Adukia,Sanitation and Education,"['10.1257/app.20150083', '10.2139/ssrn.3179158', '10.4324/9780429448010-2']"
Anjali Adukia,Educational investment responses to economic opportunity: evidence from Indian road construction,"['10.2139/ssrn.2967464', '10.2139/ssrn.2827365', '10.2139/ssrn.3179158']"
Anjali Adukia,The Impact of the Financial Crisis on Tertiary Education World Wide: A Pilot Study,"['10.2139/ssrn.3179158', '10.1257/app.20150083', '10.1177/0964663917746484']"
Anjali Adukia,Spillover Impacts on Education from Employment Guarantees,"['10.2139/ssrn.3179158', '10.1257/app.20150083', '10.2139/ssrn.2967464']"
Eric Potash,Predictive modeling for public health: Preventing childhood lead poisoning,"['10.1145/2783258.2788629', '10.1097/phh.0b013e3182249523', '10.1111/j.1467-9566.2012.01536.x']"
Eric Potash,Euclidean embeddings and Riemannian Bergman metrics,"['10.1007/s12220-015-9560-3', '10.1002/mana.201300211', '10.1007/978-3-319-25040-3_64']"
Eric Potash,Randomization Bias in Field Trials to Evaluate Targeting Methods,"['10.1016/j.econlet.2018.03.012', '10.1111/j.1467-8519.2010.01874.x', '10.1001/jama.291.4.470']"
Eric Potash,Applying Machine Learning Methods to Enhance the Distribution of Social Services in Mexico,"['10.1016/j.econlet.2018.03.012', '10.1002/jrs.5118', '10.2139/ssrn.1515775']"
Eric Potash,Predictive Modeling for Environmental Protection: Hazardous Waste Management,"['10.1145/2783258.2788629', '10.1002/9781118146606', '10.1001/jama.2016.4839']"
Michael Schnabel,Universality in the evolution of orientation columns in the visual cortex,"['10.1126/science.1194869', '10.1126/science.1206416', '10.1111/j.1460-9568.2004.03766.x']"
Michael Schnabel,Self-organization and the selection of pinwheel density in visual cortical development,"['10.1088/1367-2630/10/1/015009', '10.1186/1471-2202-10-s1-p64', '10.1002/cpp.1840']"
Michael Schnabel,Response to comment on “universality in the evolution of orientation columns in the visual cortex “,"['10.1126/science.1206416', '10.1126/science.1194869', '10.1002/hbm.22534']"
Michael Schnabel,Dynamic transcription factor networks in epithelial-mesenchymal transition in breast cancer models,"['10.1371/journal.pone.0057180', '10.1002/ijc.30603', '10.1002/iub.1256']"
Michael Schnabel,Interareal coordination of columnar architectures during visual cortical development,"['10.1073/pnas.0901615106', '10.1088/1367-2630/10/1/015009', '10.1002/ad.1885']"
Michael Schnabel,Random waves in the brain: Symmetries and defect generation in the visual cortex,"['10.1140/epjst/e2007-00152-5', '10.1111/j.1528-1167.2012.03479.x', '10.1111/j.1460-9568.2004.03766.x']"
Michael Schnabel,A symmetry of the visual world in the architecture of the visual cortex,"['10.1111/j.1460-9568.2004.03766.x', '10.1111/j.1528-1167.2012.03479.x', '10.1002/hbm.22534']"
Michael Schnabel,Fake symmetry transitions in lattice Dirac spectra,"['10.1103/physrevd.62.034501', '10.1111/cgf.12010', '10.1002/qua.560340609']"
Michael Schnabel,Stock fluctuations are correlated and amplified across networks of interlocking directorates,"['10.1140/epjds/s13688-014-0030-0', '10.2307/2095083', '10.2307/1170839']"
Michael Schnabel,"Pinwheel stability, pattern selection and the geometry of visual space","['10.1186/1471-2202-10-s1-p64', '10.1088/1367-2630/10/1/015009', '10.3938/jkps.50.150']"
Michael Schnabel,Signatures of shift-twist symmetry in natural images and orientation maps,"['10.1002/jmri.24257', '10.1111/cgf.12010', '10.1002/qua.560340609']"
Michael Schnabel,Eine Symmetrie der visuellen Welt in der Architektur des visuellen Kortex.,"['10.14361/9783839415078', '10.1007/978-3-658-06738-0_30-1', '10.13109/9783666355783.209']"
Michael Schnabel,"Pattern selection, pinwheel stability and the geometry of visual space","['10.1186/1471-2202-10-s1-p64', '10.1088/1367-2630/10/1/015009', '10.3938/jkps.50.150']"
Michael Schnabel,Quantitative universality and non-local interactions in neural pattern formation,"['10.1002/9781118572030', '10.1111/capa.12075', '10.1002/bies.950180711']"
Michael Schnabel,Emergence of hyper-hexagonal patterns in orientation map models of reduced rotation symmetry,"['10.1002/9781444335262.wbctp0058', '10.1111/j.1749-5687.2007.00002.x', '10.1111/lasr.12072']"
Michael Schnabel,Random-Matrix-Modelle für die zweidimensionale Gitter-QED,"['10.1002/nadc.199700027', '10.1002/cite.330600112', '10.1002/cite.330700409']"
Michael Schnabel,Functional map development in the visual cortex is coordinated among areas.,"['10.1111/j.1460-9568.2004.03766.x', '10.1111/j.1528-1167.2012.03479.x', '10.1002/hbm.22534']"
Koichiro Ito,Do Consumers Respond to Marginal or Average Price? Evidence from Nonlinear Electricity Pricing,"['10.3386/w18533', '10.1257/aer.104.2.537', '10.3386/w19485']"
Koichiro Ito,The persistence of moral suasion and economic incentives: field experimental evidence from energy demand,"['10.3386/w20910', '10.2139/ssrn.3129103', '10.1257/pol.20160093']"
Koichiro Ito,The economics of attribute-based regulation: Theory and evidence from fuel economy standards,"['10.3386/w20500', '10.1162/rest_a_00704', '10.1111/twec.12040']"
Koichiro Ito,Asymmetric incentives in subsidies: Evidence from a large-scale electricity rebate program,"['10.3386/w19485', '10.1257/pol.20130397', '10.3386/w18533']"
Koichiro Ito,"Sequential markets, market power, and arbitrage","['10.3386/w20782', '10.1257/aer.20141529', '10.1016/s0378-4371(02)01841-1']"
Koichiro Ito,How do consumers respond to nonlinear pricing? Evidence from household electricity demand,"['10.3386/w18533', '10.1257/aer.104.2.537', '10.3386/w19485']"
Koichiro Ito,Willingness to pay for clean air: Evidence from air purifier markets in China,"['10.3386/w22367', '10.1111/j.1556-4029.2012.02094.x', '10.1016/j.trd.2012.08.004']"
Koichiro Ito,How do consumers respond to nonlinear pricing? Evidence from household water demand,"['10.3386/w18533', '10.1257/aer.104.2.537', '10.1111/j.1468-2443.2007.00062.x']"
Koichiro Ito,Reforming Japan’s Power Industry,"['10.3386/w20782', '10.1257/aer.20141529', '10.1111/j.1467-9701.2012.01476.x']"
Koichiro Ito,Nonlinear Pricing in Energy and Environmental Markets,"['10.3386/w18533', '10.1257/aer.104.2.537', '10.3386/w20782']"
Koichiro Ito,"Blowin’in the Wind: Sequential Markets, Market Power and Arbitrage","['10.3386/w20782', '10.1257/aer.20141529', '10.1016/s0378-4371(02)01841-1']"
Koichiro Ito,How Do Consumers Respond to Dynamic Pricing? Experimental Evidence of Variable Critical Peak Electricity Pricing⇤,"['10.3386/w18533', '10.1257/aer.104.2.537', '10.1007/978-4-431-55209-3_8']"
Koichiro Ito,Economic Policy A,"['10.2307/j.ctt1t899ht.22', '10.3386/w19485', '10.1257/pol.20130397']"
Koichiro Ito,SIEPR,[]
Peter Buisseret,Electoral control and the human capital of politicians,"['10.1016/j.geb.2016.04.011', '10.1111/jors.12067', '10.1086/684584']"
Peter Buisseret,"Dynamics of policymaking: Stepping back to leap forward, stepping forward to keep back","['10.1111/ajps.12301', '10.1111/cjag.12159', '10.2307/1004292']"
Peter Buisseret,“Together or Apart”? On Joint versus Separate Electoral Accountability,"['10.1086/684584', '10.2139/ssrn.3007275', '10.1016/j.geb.2017.05.007']"
Peter Buisseret,Electoral Accountability in Multi-Member Districts,"['10.2139/ssrn.3007275', '10.1086/684584', '10.1016/j.geb.2017.05.007']"
Peter Buisseret,Electoral Competition with Entry under Non-Majoritarian Run-Off Rules,"['10.1016/j.geb.2017.05.007', '10.1086/684584', '10.1016/j.geb.2016.04.011']"
Peter Buisseret,"Crashing the party? elites, outsiders, and elections","['10.1111/cons.12010', '10.1177/1354068895001001001', '10.1086/222469']"
Peter Buisseret,Investing in Failure: Belief Manipulation and Strategic Experimentation,"['10.1111/papq.12129', '10.1111/j.1746-8361.2012.01309.x', '10.1111/ajps.12065']"
Peter Buisseret,Communicating and investing in policy expertise: A case for primaries,"['10.1111/j.1539-6924.2011.01725.x', '10.1002/esp.3461', '10.2139/ssrn.2325694']"
Peter Buisseret,Competing Principals? Legislative Representation in List PR Systems,"['10.1111/lsq.12042', '10.1002/sim.7215', '10.1111/j.1541-0072.2011.00435.x']"
Peter Buisseret,Reelection and renegotiation: International agreements in the shadow of the polls,"['10.1017/s0003055418000400', '10.1111/ijet.12055', '10.1111/eulj.12103']"
Peter Buisseret,The Race to the Base,"['10.1002/wsbm.1186', '10.1002/lary.27033', '10.1017/s0003055418000400']"
Peter Buisseret,Essays in Political Economy and Strategic Experimentation,"['10.1111/geoj.12008', '10.1111/j.1758-5899.2011.00152.x', '10.4324/9780203438275']"
Peter Buisseret,Investing in Failure: Experimentation and Belief Manipulation,"['10.1111/papq.12129', '10.1111/j.1746-8361.2012.01309.x', '10.1002/hbm.23255']"
Wioletta Dziuda,The euro changeover and its effects on price transparency and inflation,"['10.1111/j.1538-4616.2008.00189.x', '10.15544/rd.2017.212', '10.14708/ma.v10i18.1524']"
Wioletta Dziuda,Strategic argumentation,['10.1016/j.jet.2011.05.017']
Wioletta Dziuda,Dynamic collective choice with endogenous status quo,"['10.2139/ssrn.2197728', '10.1086/686747', '10.2139/ssrn.2992553']"
Wioletta Dziuda,"Asymmetric information, portfolio managers, and home bias","['10.1093/rfs/hhs063', '10.2139/ssrn.1359280', '10.5604/01.3001.0010.7585']"
Wioletta Dziuda,Communication with detectable deceit,"['10.2139/ssrn.3234695', '10.2139/ssrn.2197728', '10.1086/686747']"
Wioletta Dziuda,Dynamic pivotal politics,"['10.2139/ssrn.2992553', '10.1017/s0003055418000187', '10.2139/ssrn.2197728']"
Wioletta Dziuda,Achieving cooperation under privacy concerns,"['10.1257/mic.20140056', '10.2139/ssrn.2127227', '10.1051/e3sconf/20184900084']"
Wioletta Dziuda,Gridlock and inefficient policy instruments,"['10.2139/ssrn.2847014', '10.3846/2029-0187.2008.1.15-21', '10.7251/agreng1603069w']"
Wioletta Dziuda,Essays on Asymmetric Information Economics,"['10.1093/rfs/hhs063', '10.2139/ssrn.1359280', '10.1111/j.1538-4616.2008.00189.x']"
Wioletta Dziuda,THE CARLO ALBERTO NOTEBOOKS,"['10.1111/j.1538-4616.2008.00189.x', '10.1051/matecconf/201816305010', '10.15544/rd.2017.212']"
Peter Ganong,Why has regional income convergence in the US declined?,"['10.3386/w23609', '10.2139/ssrn.3116463', '10.1016/j.jue.2017.07.002']"
Peter Ganong,"The decline, rebound, and further rise in SNAP enrollment: Disentangling business cycle fluctuations and policy changes","['10.3386/w19363', '10.1111/iere.12193', '10.1111/manc.12022']"
Peter Ganong,How Do Changes in Housing Voucher Design Affect Rent and Neighborhood Quality?,"['10.2139/ssrn.3103085', '10.2139/ssrn.3116461', '10.1257/pol.20150176']"
Peter Ganong,A permutation test and estimation alternatives for the regression kink design,"['10.1080/01621459.2017.1328356', '10.1080/03610919308813118', '10.1111/j.1467-9868.2007.00614.x']"
Peter Ganong,Consumer spending during unemployment: Positive and normative implications,"['10.1097/00005053-199411000-00017', '10.1111/raju.12004', '10.1111/1467-8462.304041']"
Peter Ganong,The effect of debt on default and consumption: Evidence from housing policy in the great recession,"['10.2139/ssrn.3249787', '10.3386/w24964', '10.2139/ssrn.3083560']"
Peter Ganong,"Criminal rehabilitation, incapacitation, and aging","['10.2139/ssrn.1965049', '10.1093/aler/ahs010', '10.1111/j.1468-2311.1981.tb00436.x']"
Peter Ganong,Liquidity vs. Wealth in Household Debt Obligations: Evidence from Housing Policy in the Great Recession,"['10.2139/ssrn.3249787', '10.3386/w24964', '10.2139/ssrn.3083560']"
Peter Ganong,Liquidity vs Wealth in Household Debt Obligations: Evidence from Housing Policy in the Great Recession–Online Appendix,"['10.2139/ssrn.3249787', '10.3386/w24964', '10.2139/ssrn.3083560']"
Christopher Blattman,Civil war,"['10.3386/w14801', '10.1257/jel.48.1.3', '10.2139/ssrn.1392456']"
Christopher Blattman,From Violence to Voting: War and political participation in Uganda,"['10.1017/s1352325209090211', '10.1017/s0003055409090212', '10.2139/ssrn.1100110']"
Christopher Blattman,Winners and losers in the commodity lottery: The impact of terms of trade growth and volatility in the Periphery 1870-1939,"['10.1016/j.jdeveco.2005.09.003', '10.3386/w10600', '10.2139/ssrn.564242']"
Christopher Blattman,The Consequences of Child Soldiering,"['10.1162/rest_a_00036', '10.1017/s0020818312000409', '10.4324/9780203886915.ch5']"
Christopher Blattman,Generating skilled self-employment in developing countries: Experimental evidence from Uganda,"['10.1093/qje/qjt057', '10.1596/26827', '10.2139/ssrn.2887752']"
Christopher Blattman,Economic shocks and conflict: Evidence from commodity prices,"['10.2139/ssrn.2268061', '10.1257/mac.6.4.1', '10.2139/ssrn.1972962']"
Christopher Blattman,The state of youth and youth protection in Northern Uganda,"['10.1596/26827', '10.4324/9780203886915.ch5', '10.1111/j.1755-6988.2012.01080.x']"
Christopher Blattman,"Civil War, Reintegration, and Gender in northern Uganda","['10.1177/0022002711408013', '10.4324/9780203886915.ch5', '10.3386/w14801']"
Christopher Blattman,The Logic of Child Soldiering and Coercion,"['10.1017/s0020818312000409', '10.1162/rest_a_00036', '10.4324/9780203886915.ch5']"
Christopher Blattman,The returns to cash and microenterprise support among the ultra-poor: A field experiment,"['10.2139/ssrn.2439488', '10.3386/w21310', '10.1257/app.20150023']"
Christopher Blattman,Reducing crime and violence: Experimental evidence from cognitive behavioral therapy in Liberia,"['10.3386/w21204', '10.1257/aer.20150503', '10.1596/1813-9450-7648']"
Christopher Blattman,Child combatants in northern Uganda,"['10.4324/9780203886915.ch5', '10.1596/26827', '10.1017/s1352325209090211']"
Christopher Blattman,How to promote order and property rights under weak rule of law? An experiment in changing dispute resolution behavior through community education,"['10.2139/ssrn.2268045', '10.1017/s0003055413000543', '10.2139/ssrn.3160567']"
Christopher Blattman,Can employment reduce lawlessness and rebellion? A field experiment with high-risk men in a fragile state,"['10.1017/s0003055415000520', '10.3386/w21289', '10.2139/ssrn.2431293']"
Christopher Blattman,The state of female youth in northern Uganda: Findings from the survey of war affected youth,"['10.1596/26827', '10.1017/s1352325209090211', '10.1017/s0003055409090212']"
Christopher Blattman,Can war foster cooperation?,"['10.1257/jep.30.3.249', '10.3386/w22312', '10.1017/s1537592712000746']"
Christopher Blattman,Assessing the Need and Potential of Community Networking for Development in Rural India Special Issue: ICTs and Community Networking,"['10.1080/714044683', '10.1111/jcms.12740', '10.1111/j.1540-6237.2011.00767.x']"
Christopher Blattman,Generating employment in poor and fragile states: Evidence from labor market and entrepreneurship programs,"['10.2139/ssrn.2622220', '10.1093/qje/qjt057', '10.1111/j.1540-5893.2009.00387.x']"
Christopher Blattman,On the nature and causes of LRA abduction: What the abductees say,"['10.1111/j.1758-0854.2011.01056.x', '10.2139/ssrn.2843595', '10.1080/108039201317057733']"
Christopher Blattman,The Lord's Resistance Army: Myth and Reality,"['10.1080/00358537208453002', '10.1017/s1537592712000746', '10.2139/ssrn.2843595']"
Oeindrila Dube,Commodity price shocks and civil conflict: Evidence from Colombia,"['10.1093/restud/rdt009', '10.2139/ssrn.1542699', '10.1086/679021']"
Oeindrila Dube,Cross-border Spillover: US Gun Laws and Violence in Mexico,"['10.1017/s0003055413000178', '10.1086/679021', '10.2139/ssrn.1542699']"
Oeindrila Dube,"Bases, bullets and ballots: the effect of us military aid on political conflict in colombia","['10.1086/679021', '10.2139/ssrn.1542699', '10.3386/w20213']"
Oeindrila Dube,Reconciling after civil conflict increases social capital but decreases individual well-being,"['10.1126/science.aad9682', '10.2139/ssrn.1542699', '10.1086/679021']"
Oeindrila Dube,From Maize to Haze: Agricultural Shocks and the Growth of the Mexican Drug Sector,"['10.1111/jeea.12172', '10.2139/ssrn.2457186', '10.2139/ssrn.1542699']"
Oeindrila Dube,The White-Man Effect: How Foreigner Presence Affects Behavior in Experiments,"['10.1016/j.jebo.2015.03.015', '10.2139/ssrn.2716015', '10.1086/688443']"
Oeindrila Dube,"Do Natural Resources Influence Who Comes to Power, and How?","['10.2139/ssrn.2716015', '10.1086/688443', '10.1111/jeea.12172']"
Oeindrila Dube,Queens,"['10.3386/w23337', '10.2139/ssrn.2947181']"
Oeindrila Dube,Reform Fatigue,"['10.2139/ssrn.2736583', '10.1002/da.22199', '10.1016/j.iimb.2011.03.004']"
Oeindrila Dube,Essays in the political economy of conflict and development,"['10.2139/ssrn.1542699', '10.1086/679021', '10.3386/w20213']"
Ryan Kellogg,The effect of uncertainty on investment: Evidence from Texas oil drilling,"['10.3386/w16541', '10.1257/aer.104.6.1698', '10.3386/w15060']"
Ryan Kellogg,What do consumers believe about future gasoline prices?,"['10.3386/w16974', '10.1016/j.jeem.2013.07.002', '10.1007/s001990100187']"
Ryan Kellogg,Learning by Drilling: Interfirm Learning and Relationship Persistence in the Texas Oilpatch,"['10.1093/qje/qjr039', '10.3386/w15060', '10.3386/w16541']"
Ryan Kellogg,Hotelling under pressure,"['10.3386/w20280', '10.2139/ssrn.2537827', '10.1086/697203']"
Ryan Kellogg,Clearing the air? the effects of gasoline content regulation on air quality,"['10.1257/aer.101.6.2687', '10.3386/w23024', '10.1016/j.jpubeco.2018.02.013']"
Ryan Kellogg,Welfare and distributional implications of shale gas,"['10.3386/w21115', '10.1353/eca.2016.0001', '10.1111/ruso.12071']"
Ryan Kellogg,"Climate amenities, climate change, and American quality of life","['10.3386/w18925', '10.1086/684573', '10.1111/cobi.12764']"
Ryan Kellogg,Daylight time and energy: Evidence from an Australian experiment,"['10.1016/j.jeem.2008.02.003', '10.3386/w16541', '10.1257/aer.104.6.1698']"
Ryan Kellogg,The incidence of an oil glut: who benefits from cheap crude oil in the Midwest?,"['10.3386/w18127', '10.5547/01956574.35.1.2', '10.1002/for.2440']"
Ryan Kellogg,Forecasting gasoline prices using consumer surveys,"['10.1257/aer.101.3.110', '10.3386/w16974', '10.1016/j.jeem.2013.07.002']"
Ryan Kellogg,"Career Concerns, Inaction, and Market Inefficiency: Evidence from Utility Regulation","['10.1111/j.1467-6451.2012.00478.x', '10.2139/ssrn.1755165', '10.3386/w13679']"
Ryan Kellogg,The intergenerational transmission of automobile brand preferences: Empirical evidence and implications for firm strategy,"['10.1111/joie.12092', '10.3386/w19535', '10.1108/02634501111129266']"
Ryan Kellogg,Gasoline price uncertainty and the design of fuel economy standards,"['10.3386/w23024', '10.1016/j.jpubeco.2018.02.013', '10.1257/aer.101.6.2687']"
Ryan Kellogg,The pollufion haven hypothesis: significance and insignificance,"['10.3386/w23024', '10.1016/j.jpubeco.2018.02.013', '10.3386/w15060']"
Ryan Kellogg,"Crude by rail, option value, and pipeline investment","['10.3386/w23855', '10.1111/j.1467-8500.2012.00780.x', '10.3386/w16541']"
Ryan Kellogg,Discussion of “Welfare and Distributional Implications of Shale Gas”,"['10.3386/w21115', '10.1353/eca.2016.0001', '10.1111/j.1911-3846.2010.01012.x']"
Ryan Kellogg,How oil-price shocks affect producers and consumers,"['10.1002/for.2440', '10.1111/j.1468-0297.2010.02355.x', '10.3386/w23024']"
Ryan Kellogg,"ARE Update Volume 13, Number 5","['10.14496/dia.61047161159.5', '10.1111/j.1748-0922.2011.01561_1.x', '10.1016/s1086-5802(16)30094-8']"
Ryan Kellogg,Gasoline Content Regulation and Urban Air Quality,"['10.1257/aer.101.6.2687', '10.3386/w23024', '10.1016/j.jpubeco.2018.02.013']"
Alexander Fouirnaies,The Financial Incumbency Advantage: Causes and Consequences.,"['10.1017/s0022381614000139', '10.1002/lary.24956', '10.1111/evo.13214']"
Alexander Fouirnaies,English bacon: Copartisan bias in intergovernmental grant allocation in England,"['10.1086/681563', '10.1111/j.1467-971x.2010.01639.x', '10.1016/j.electstud.2013.08.006']"
Alexander Fouirnaies,Representation And District Magnitude In Plurality Systems,"['10.1016/j.electstud.2013.08.006', '10.1086/681563', '10.1111/j.1365-2966.2007.12155.x']"
Alexander Fouirnaies,When Are Agenda Setters Valuable?,"['10.1111/ajps.12316', '10.2139/ssrn.2653063', '10.1111/j.1540-5907.2011.00538.x']"
Alexander Fouirnaies,The Majority-Party Disadvantage: Revising Theories of Legislative Organization,"['10.1561/100.00015112', '10.2139/ssrn.2653063', '10.1111/ajps.12190']"
Alexander Fouirnaies,The Exposure Theory of Access: Why Some Firms Seek More Access to Incumbents Than Others,"['10.2139/ssrn.2652361', '10.1111/ajps.12323', '10.2139/ssrn.2719930']"
Alexander Fouirnaies,How Do Interest Groups Seek Access to Committees?,"['10.1111/ajps.12323', '10.2139/ssrn.2719930', '10.2139/ssrn.2652361']"
Alexander Fouirnaies,How newspapers reveal political power,"['10.2139/ssrn.2629249', '10.1017/psrm.2017.43', '10.2139/ssrn.2739246']"
Alexander Fouirnaies,The Power of Legislative Leaders,"['10.2139/ssrn.2653063', '10.1561/100.00015112', '10.1111/ajps.12190']"
Alexander Fouirnaies,The Economic Impact of Economic News,"['10.1111/j.1758-5899.2009.00018.x', '10.1111/cjag.12108', '10.1111/ajps.12379']"
Alexander Fouirnaies,How Divisive Primaries Hurt Parties: Evidence From Near-Runoffs,"['10.2139/ssrn.2775324', '10.2139/ssrn.3243569', '10.1111/ajps.12323']"
Alexander Fouirnaies,Do Newspapers Benefit Incumbents?,"['10.2139/ssrn.2739246', '10.1111/ajps.12323', '10.2139/ssrn.2652361']"
Alexander Fouirnaies,The Gender Gap in Political Careers: Evidence from US State Legislatures,"['10.2139/ssrn.3243569', '10.1111/j.1468-005x.2012.00281.x', '10.2139/ssrn.2775324']"
Alexander Fouirnaies,How Do Electoral Incentives Affect Legislator Behavior?,"['10.2139/ssrn.3243569', '10.1111/ajps.12323', '10.2139/ssrn.2719930']"
Alexander Fouirnaies,Essays on campaign finance and political power,"['10.2139/ssrn.3243569', '10.2139/ssrn.2629249', '10.1017/psrm.2017.43']"
Luis R. Martinez,Sources of revenue and government performance: Evidence from Colombia,"['10.1111/weng.12163', '10.1108/arla-01-2018-0018', '10.1145/2691195.2691199']"
Luis R. Martinez,Is it my money or not? An experiment on risk aversion and the house-money effect,"['10.1007/s10683-013-9356-x', '10.2139/ssrn.1554443', '10.1111/j.1744-6163.1982.tb00148.x']"
Luis R. Martinez,Transnational insurgents: Evidence from Colombia's FARC at the border with Chávez's Venezuela,"['10.1016/j.jdeveco.2017.01.003', '10.1111/j.1365-294x.2007.03233.x', '10.1029/2006wr005766']"
Luis R. Martinez,How Much Should We Trust the Dictator's GDP Estimates?,"['10.2139/ssrn.3093296', '10.1111/j.1365-2966.2010.17614.x', '10.1111/j.1423-0410.2010.01446.x']"
Luis R. Martinez,Essays on the political economy of development,"['10.1111/ecaf.12174', '10.1111/j.1467-8292.2012.00457.x', '10.1080/02255189.1996.9669654']"
Jacob Bastian,The Long-Term Impact of the Earned Income Tax Credit on Children’s Education and Employment Outcomes,"['10.1086/697477', '10.2139/ssrn.2674603', '10.1002/pam.21907']"
Jacob Bastian,The Rise of Working Mothers and the 1975 Earned Income Tax Credit,"['10.2139/ssrn.2674603', '10.1086/697477', '10.2139/ssrn.3101160']"
Jacob Bastian,"Unintended Consequences? More Marriage, More Children, and the EITC","['10.1161/strokeaha.118.021057', '10.1145/2602087.2602105', '10.1177/001789698003900413']"
Jacob Bastian,"New Evidence on the Effect of Public Policy on Employment, Intergenerational Mobility, Family Structure, and Social Attitudes Towards Working Women","['10.1002/psp.2003', '10.1111/ehr.12616', '10.1002/ev.20213']"
Fiona Burlig,Out of the Darkness and Into the Light? Development Effects of Rural Electrification,"['10.1111/gwao.12144', '10.1111/1475-4762.00020', '10.1111/area.12126']"
Fiona Burlig,Machine learning from schools about energy efficiency,"['10.3386/w23908', '10.1002/ev.20326', '10.1108/00197859410058139']"
Fiona Burlig,Out of the darkness and into the light? Development effects of electrification in India,"['10.2139/ssrn.2731920', '10.31222/osf.io/qemkz', '10.1016/j.econlet.2018.03.036']"
Fiona Burlig,Out of the Darkness and Into the Light,"['10.1111/gwao.12144', '10.1080/01442878908423550', '10.1111/area.12126']"
Fiona Burlig,Improving transparency in observational social science research: A pre-analysis plan approach,"['10.2139/ssrn.2731920', '10.31222/osf.io/qemkz', '10.1016/j.econlet.2018.03.036']"
Fiona Burlig,Panel data and experimental design,"['10.2139/ssrn.2892713', '10.31222/osf.io/d5eud', '10.1111/rati.12085']"
Fiona Burlig,Reap What Your Friends Sow: Social Networks and Technology Adoption,"['10.2139/ssrn.2731920', '10.31222/osf.io/qemkz', '10.1016/j.econlet.2018.03.036']"
Fiona Burlig,"PCPANEL: Stata module to perform power calculations for randomized experiments with panel data, allowing for arbitrary serial correlation","['10.2139/ssrn.2892713', '10.31222/osf.io/d5eud', '10.1111/j.1747-9991.2012.00492.x']"
Fiona Burlig,Essays in Energy and Development Economics,"['10.2139/ssrn.2731920', '10.31222/osf.io/qemkz', '10.1016/j.econlet.2018.03.036']"
Fiona Burlig,Power calculations and clustering: New techniques for transparent social science research Pre-analysis plan,"['10.2139/ssrn.2731920', '10.31222/osf.io/qemkz', '10.1016/j.econlet.2018.03.036']"
